Team,Year,WinningSeason,Overall_Win,Overall_Loss,Defense_int,Defense_yds,Defense_avg,Defense_Lg,Defense_td,Defense_solo,Defense_ast,Defense_tot,Defense_sack,Defence_ydsl,Kicking_pat_scored,Kicking_pat_attempts,Kicking_fg_scored,Kicking_fg_attempts,Kicking_0-19_scored,Kicking_0-19_attempts,Kicking_20-29_scored,Kicking_20-29_attempts,Kicking_30-39_scored,Kicking_30-39_attempts,Kicking_40-49_scored,Kicking_40-49_attempts,Kicking_50+_scored,Kicking_50+_attempts,Kicking_lg,Kicking_pts,Kickoff_num,Kickoff_yds,Kickoff_avg,Kickoff_lg,Kickoff_tb,Kickoff_ob,Kickoff_ret,Kickoff_ryds,Kickoff_td,KickoffReturn_num,KickoffReturn_yds,KickoffReturn_avg,KickoffReturn_fc,KickoffReturn_lg,KickoffReturn_td,Passing_att,Passing_cmp,Passing_pct,Passing_yds,Passing_ypa,Passing_td,Passing_td%,Passing_int,Passing_int%,Passing_lg,Passing_sack,Passing_loss,Passing_rate,Punting_punts,Punting_yds,Punting_avg,Punting_lg,Punting_tb,Punting_in20,Punting_blk,Punting_net,Punting_ret,Punting_ryds,PuntReturn_num,PuntReturn_yds,PuntReturn_avg,PuntReturn_fc,PuntReturn_lg,PuntReturn_td,Receiving_rec,Receiving_yds,Receiving_avg,Receiving_lg,Receiving_td,Rushing_att,Rushing_gain,Rushing_loss,Rushing_yds,Rushing_avg,Rushing_lg,Rushing_td,Scoring_pts,Scoring_tot,Scoring_r,Scoring_p,Scoring_kr,Scoring_pr,Scoring_ir,Scoring_fr,Scoring_bk,Scoring_bp,Scoring_fgr,Scoring_pat_scored,Scoring_pat_attempts,Scoring_fg_scored,Scoring_fg_attempts,Scoring_conv,Scoring_saf
BAY,2009,0,4,8,10,211,21.1,NULL,3,211,173,384,9,62,28,30,9,14,NULL,NULL,NULL,NULL,NULL,NULL,NULL,NULL,NULL,NULL,NULL,55,0,0,0,0,0,0,0,0,0,54,1185,21.9,NULL,NULL,0,431,267,61.95,2908,6.7,13,3,16,3.7,NULL,NULL,NULL,121.15,54,2420,44.81,NULL,NULL,NULL,0,NULL,NULL,NULL,19,230,12.1,NULL,NULL,0,243,2617,10.8,NULL,11,338,1536,324,1212,3.6,NULL,15,0,0,0,0,0,0,0,0,0,0,0,0,0,0,0,0,0
BAY,2010,1,7,6,10,120,12,NULL,1,334,150,484,5,46,46,47,19,27,NULL,NULL,NULL,NULL,NULL,NULL,NULL,NULL,NULL,NULL,NULL,103,0,0,0,0,0,0,0,0,0,62,1231,19.9,NULL,NULL,1,469,313,66.74,3649,7.8,23,4.9,8,1.7,NULL,NULL,NULL,144.86,55,2406,43.75,NULL,NULL,NULL,0,NULL,NULL,NULL,23,149,6.5,NULL,NULL,0,287,3355,11.7,NULL,22,459,2767,224,2543,5.5,NULL,25,0,0,0,0,0,0,0,0,0,0,0,0,0,0,0,0,0
BAY,2011,1,10,3,16,344,21.5,NULL,2,383,192,575,3.5,27,75,78,10,17,NULL,NULL,NULL,NULL,NULL,NULL,NULL,NULL,NULL,NULL,NULL,105,0,0,0,0,0,0,0,0,0,62,1239,20,NULL,NULL,0,424,307,72.41,4569,10.8,40,9.4,6,1.4,NULL,NULL,NULL,191.23,0,0,0,0,0,0,0,0,0,0,17,136,8,NULL,NULL,0,290,4367,15.1,NULL,40,565,3370,293,3077,5.4,NULL,37,0,0,0,0,0,0,0,0,0,0,0,0,0,0,0,0,0
BAY,2012,1,8,5,18,316,17.6,NULL,3,366,139,505,3,20,72,72,16,27,NULL,NULL,NULL,NULL,NULL,NULL,NULL,NULL,NULL,NULL,NULL,120,0,0,0,0,0,0,0,0,0,50,1039,20.8,NULL,NULL,0,475,294,61.89,4427,9.3,34,7.2,13,2.7,NULL,NULL,NULL,158.33,36,1577,43.81,NULL,NULL,NULL,0,NULL,NULL,NULL,15,144,9.6,NULL,NULL,0,286,4324,15.1,NULL,33,588,3227,200,3027,5.1,NULL,37,553,72,36,33,0,0,2,1,0,0,0,71,71,16,27,1,0
BAY,2013,1,11,2,19,441,23.2,82,5,362,220,582,17.5,137,88,89,15,24,0,0,7,7,3,7,4,8,1,2,51,133,0,0,0,0,0,0,0,0,0,48,1056,22,0,97,1,448,277,61.83,4668,10.4,35,7.8,6,1.3,93,22,113,172.46,52,2379,45.75,72,7,17,1,38.4,12,202,27,250,9.3,31,58,2,265,4529,17.1,93,35,613,3664,250,3414,5.6,80,47,639,84,47,34,1,2,0,0,0,0,0,88,89,15,24,1,0
BAY,2014,1,11,2,13,203,15.6,44,0,351,182,533,14.5,120,81,82,18,26,0,0,8,8,8,12,2,5,0,1,46,135,110,6264,56.95,76,23,1,81,1504,1,40,801,20,1,37,0,518,323,62.36,4757,9.2,38,7.3,8,1.5,89,24,152,160.62,47,2040,43.4,69,2,19,0,41.4,11,56,20,93,4.7,27,45,0,312,4652,14.9,89,37,607,3076,250,2826,4.7,46,43,603,79,43,36,0,0,0,0,0,0,0,75,76,18,26,0,0
BAY,2015,1,10,3,14,137,9.8,46,0,275,74,349,8.5,68,83,83,8,14,0,0,1,1,7,9,0,3,0,1,39,107,106,6362,60.02,68,39,3,61,1406,1,30,675,22.5,1,84,0,388,229,59.02,3764,9.7,44,11.3,13,3.4,87,15,86,171.23,40,1627,40.68,61,0,11,0,40,8,28,15,64,4.3,33,34,0,201,3442,17.1,87,39,699,4471,180,4291,6.1,80,41,571,77,38,39,0,0,0,0,0,0,0,83,83,8,13,1,0
BAY,2016,1,7,6,12,310,25.8,65,2,191,86,277,2.5,13,58,59,10,16,1,1,4,4,5,9,0,2,0,0,38,88,81,5062,62.49,65,22,4,55,1056,0,35,670,19.1,0,30,0,479,269,56.16,3652,7.6,33,6.9,15,3.1,89,26,122,136.67,54,2246,41.59,62,3,12,0,40.2,8,17,23,223,9.7,21,44,0,245,3431,14,89,32,599,3334,143,3191,5.3,59,24,421,56,24,32,0,0,0,0,0,0,0,53,54,10,15,1,0
BAY,2017,0,1,11,3,20,6.7,20,0,76,33,109,0,0,30,31,20,24,0,0,7,7,7,10,6,7,0,0,48,90,59,3512,59.53,65,13,3,42,1032,1,37,662,17.9,1,36,0,462,269,58.23,3452,7.5,23,5,14,3,79,36,260,131.36,39,1572,40.31,58,1,10,0,38,15,70,7,60,8.6,29,42,0,245,3186,13,79,21,375,1808,262,1546,4.1,74,10,246,26,7,18,0,0,0,1,0,0,0,30,31,20,24,0,0
BAY,2018,1,7,6,7,37,5.3,28,0,145,65,210,4.5,35,43,47,15,24,0,0,4,7,7,9,3,6,1,2,50,88,72,4482,62.25,65,39,4,27,580,0,29,524,18.1,5,41,0,485,296,61.03,3770,7.8,22,4.5,13,2.7,75,39,241,135.93,51,2164,42.43,62,3,18,0,39.4,11,96,15,108,7.2,15,33,2,291,3720,12.8,75,22,497,2582,374,2208,4.4,75,25,369,47,24,21,0,0,0,0,0,2,0,40,44,15,24,1,0
IAST,2009,1,7,6,15,133,8.9,NULL,0,348,270,618,2,10,26,30,13,20,NULL,NULL,NULL,NULL,NULL,NULL,NULL,NULL,NULL,NULL,NULL,65,0,0,0,0,0,0,0,0,0,52,1115,21.4,NULL,NULL,0,379,220,58.05,2401,6.3,16,4.2,17,4.5,NULL,NULL,NULL,116.22,66,2690,40.76,NULL,NULL,NULL,0,NULL,NULL,NULL,27,164,6.1,NULL,NULL,0,211,2324,11,NULL,16,505,2535,181,2354,4.7,NULL,17,0,0,0,0,0,0,0,0,0,0,0,0,0,0,0,0,0
IAST,2010,0,5,7,13,231,17.8,NULL,3,323,243,566,1,6,32,33,8,17,NULL,NULL,NULL,NULL,NULL,NULL,NULL,NULL,NULL,NULL,NULL,56,0,0,0,0,0,0,0,0,0,54,1185,21.9,NULL,NULL,1,373,211,56.57,2091,5.6,14,3.8,10,2.7,NULL,NULL,NULL,110.68,60,2710,45.17,NULL,NULL,NULL,0,NULL,NULL,NULL,15,144,9.6,NULL,NULL,1,199,2045,10.3,NULL,13,438,2022,258,1764,4,NULL,15,0,0,0,0,0,0,0,0,0,0,0,0,0,0,0,0,0
IAST,2011,0,6,7,11,184,16.7,NULL,1,409,181,590,6,36,31,35,12,20,NULL,NULL,NULL,NULL,NULL,NULL,NULL,NULL,NULL,NULL,NULL,67,0,0,0,0,0,0,0,0,0,65,1552,23.9,NULL,NULL,0,483,249,51.55,2760,5.7,17,3.5,17,3.5,NULL,NULL,NULL,104.13,68,2901,42.66,NULL,NULL,NULL,0,NULL,NULL,NULL,16,121,7.6,NULL,NULL,0,233,2621,11.2,NULL,16,526,2627,327,2300,4.4,NULL,20,0,0,0,0,0,0,0,0,0,0,0,0,0,0,0,0,0
IAST,2012,0,6,7,14,300,21.4,NULL,3,346,201,547,3.5,16,37,40,12,18,NULL,NULL,NULL,NULL,NULL,NULL,NULL,NULL,NULL,NULL,NULL,73,0,0,0,0,0,0,0,0,0,36,698,19.4,NULL,NULL,0,458,266,58.08,2783,6.1,28,6.1,17,3.7,NULL,NULL,NULL,121.87,77,3157,41,NULL,NULL,NULL,0,NULL,NULL,NULL,10,121,12.1,NULL,NULL,0,255,2688,10.5,NULL,26,454,2201,223,1978,4.4,NULL,10,277,34,7,27,0,0,0,0,0,0,0,37,40,12,18,0,0
IAST,2013,0,3,9,8,18,2.3,9,0,259,130,389,4.5,30,35,36,13,20,0,0,6,7,4,4,3,8,0,1,41,74,0,0,0,0,0,0,0,0,0,49,1085,22.1,0,98,2,413,232,56.17,2630,6.4,19,4.6,14,3.4,97,36,218,118.07,84,3493,41.58,65,8,27,0,37.5,16,182,20,178,8.9,24,38,0,230,2637,11.5,97,19,487,2047,319,1728,3.5,54,16,290,36,15,19,2,0,0,0,0,0,0,33,34,13,18,1,0
IAST,2014,0,2,10,10,65,6.5,17,0,191,87,278,0,0,35,35,11,14,0,0,3,3,6,7,2,4,0,0,47,68,56,3442,61.46,65,13,3,40,718,1,30,619,20.6,3,43,0,509,282,55.4,2981,5.9,21,4.1,11,2.2,59,30,188,113.89,69,2720,39.42,64,0,13,0,38.4,18,67,14,156,11.1,25,82,1,273,2944,10.8,59,20,390,1745,235,1510,3.9,49,12,260,32,11,20,0,1,0,0,0,0,0,35,35,11,14,0,0
IAST,2015,0,3,9,5,23,4.6,24,0,177,119,296,10,57,36,37,14,19,0,0,4,5,4,6,5,7,1,1,51,78,59,3560,60.34,65,10,2,47,913,1,37,690,18.6,1,36,0,408,237,58.09,2716,6.7,18,4.4,12,2.9,74,42,229,122.68,53,2166,40.87,61,1,20,2,37.3,15,94,22,383,17.4,23,81,1,218,2539,11.6,74,18,494,2501,308,2193,4.4,76,18,281,34,17,16,0,1,0,0,0,0,0,35,36,14,19,0,0
IAST,2016,0,3,9,9,90,10,48,1,272,167,439,12,67,36,38,16,17,0,0,7,7,7,7,2,2,0,1,49,84,67,4160,62.09,70,35,1,30,629,0,44,1017,23.1,1,97,1,398,235,59.05,3106,7.8,21,5.3,8,2,67,32,188,137.99,58,2381,41.05,67,3,23,0,38.9,15,66,24,226,9.4,14,55,0,218,2922,13.4,67,21,451,2225,238,1987,4.4,46,18,287,34,16,18,0,0,0,0,0,0,0,35,37,16,17,0,0
IAST,2017,1,8,5,12,286,23.8,70,3,364,292,656,18.5,107,45,45,17,22,1,1,7,9,4,4,5,7,0,1,45,96,76,4750,62.5,65,41,3,31,737,1,29,576,19.9,0,35,0,477,300,62.89,3548,7.4,27,5.7,9,1.9,74,18,135,140.28,66,2677,40.56,61,4,23,0,38,16,91,20,181,9.1,22,68,1,291,3448,11.8,74,27,380,1666,100,1566,4.1,58,16,332,39,13,26,0,0,0,0,0,0,0,45,45,17,22,1,0
IAST,2018,1,8,5,8,109,13.6,41,1,251,151,402,17.5,138,36,38,16,23,0,0,8,8,5,8,2,6,1,1,50,84,69,3954,57.3,65,16,3,41,769,0,33,726,22,2,58,0,361,237,65.65,3132,8.7,20,5.5,9,2.5,83,31,210,151.82,53,2129,40.17,65,1,23,1,37.9,11,65,13,153,11.8,21,47,0,229,3080,13.4,83,20,442,2019,200,1819,4.1,39,20,312,37,19,18,0,0,0,0,0,0,0,36,38,16,23,3,0
KAN,2009,0,5,7,7,90,12.9,NULL,1,166,94,260,10,77,42,44,13,19,NULL,NULL,NULL,NULL,NULL,NULL,NULL,NULL,NULL,NULL,NULL,81,0,0,0,0,0,0,0,0,0,56,1206,21.5,NULL,NULL,1,505,320,63.37,3724,7.4,22,4.4,10,2,NULL,NULL,NULL,135.73,52,2151,41.37,NULL,NULL,NULL,0,NULL,NULL,NULL,24,171,7.1,NULL,NULL,0,315,3643,11.6,NULL,21,368,1713,353,1360,3.7,NULL,20,0,0,0,0,0,0,0,0,0,0,0,0,0,0,0,0,0
KAN,2010,0,3,9,7,18,2.6,NULL,0,124,58,182,1,16,25,26,8,14,NULL,NULL,NULL,NULL,NULL,NULL,NULL,NULL,NULL,NULL,NULL,49,0,0,0,0,0,0,0,0,0,66,1384,21,NULL,NULL,1,353,203,57.51,1942,5.5,11,3.1,14,4,NULL,NULL,NULL,106.07,64,2714,42.41,NULL,NULL,NULL,0,NULL,NULL,NULL,15,57,3.8,NULL,NULL,0,187,1782,9.5,NULL,11,437,1820,205,1615,3.7,NULL,13,0,0,0,0,0,0,0,0,0,0,0,0,0,0,0,0,0
KAN,2011,0,2,10,8,160,20,NULL,1,301,195,496,2,18,34,35,6,12,NULL,NULL,NULL,NULL,NULL,NULL,NULL,NULL,NULL,NULL,NULL,52,0,0,0,0,0,0,0,0,0,73,1426,19.5,NULL,NULL,0,301,191,63.46,2009,6.7,15,5,12,4,NULL,NULL,NULL,127.99,64,2738,42.78,NULL,NULL,NULL,0,NULL,NULL,NULL,12,95,7.9,NULL,NULL,0,162,1750,10.8,NULL,11,465,2172,95,2077,4.5,NULL,19,0,0,0,0,0,0,0,0,0,0,0,0,0,0,0,0,0
KAN,2012,0,1,11,11,141,12.8,NULL,1,242,90,332,3,16,25,26,10,16,NULL,NULL,NULL,NULL,NULL,NULL,NULL,NULL,NULL,NULL,NULL,55,0,0,0,0,0,0,0,0,0,42,819,19.5,NULL,NULL,0,313,148,47.28,1784,5.7,7,2.2,13,4.2,NULL,NULL,NULL,94.24,56,2270,40.54,NULL,NULL,NULL,0,NULL,NULL,NULL,9,91,10.1,NULL,NULL,0,136,1667,12.3,NULL,6,523,2808,180,2628,5,NULL,18,181,21,16,5,0,0,0,0,0,0,0,25,26,10,16,0,0
KAN,2013,0,3,9,14,171,12.2,54,1,236,145,381,6.5,44,19,22,11,17,0,0,4,5,4,7,2,3,1,2,52,52,0,0,0,0,0,0,0,0,0,44,927,21.1,1,69,0,328,154,46.95,1685,5.1,9,2.7,12,3.7,77,28,223,91.84,84,3668,43.67,78,7,25,1,39.6,34,158,18,203,11.3,20,42,0,147,1640,11.2,77,9,451,2217,168,2049,4.5,68,11,142,15,10,5,0,0,0,0,0,0,0,19,22,11,17,0,0
KAN,2014,0,3,9,9,168,18.7,62,0,315,110,425,5,23,25,27,9,15,0,0,3,3,5,7,1,4,0,1,43,52,48,2619,54.56,66,13,1,30,807,2,44,876,19.9,0,33,0,376,204,54.26,2435,6.5,14,3.7,13,3.5,78,29,199,114.03,83,3673,44.25,72,10,24,0,38.8,31,255,14,174,12.4,16,76,1,193,2336,12.1,78,13,457,1866,341,1525,3.3,74,11,196,24,11,12,0,1,0,0,0,0,0,25,27,9,15,0,0
KAN,2015,0,0,12,9,159,17.7,83,1,261,82,343,4.5,14,21,23,6,11,0,0,1,3,2,3,2,3,1,2,51,39,43,2620,60.93,65,20,3,19,384,0,53,1072,20.2,1,91,1,452,243,53.76,2623,5.8,12,2.7,14,3.1,53,38,260,105.07,53,2198,41.47,58,1,10,2,36.2,22,188,14,48,3.4,14,26,0,234,2555,10.9,53,12,373,1595,133,1462,3.9,43,10,119,15,8,7,0,0,0,0,0,0,0,17,18,4,7,0,0
KAN,2016,0,2,10,10,131,13.1,55,1,273,80,353,15,89,26,26,13,19,0,0,5,5,5,7,2,4,1,3,50,65,53,3356,63.32,80,30,2,21,432,0,46,868,18.9,1,99,1,465,278,59.78,2885,6.2,16,3.4,22,4.7,95,26,146,113.79,73,3024,41.42,82,2,14,0,37.6,25,241,7,-10,-1.4,27,17,0,258,2655,10.3,95,13,351,1611,116,1495,4.3,66,10,211,24,10,13,1,0,0,0,0,0,0,26,26,13,19,1,0
KAN,2017,0,1,11,4,12,3,10,0,133,57,190,3,13,23,23,17,20,0,0,6,6,5,7,5,6,1,1,50,74,51,2902,56.9,65,17,1,31,688,1,51,1045,20.5,0,47,0,459,249,54.25,2717,5.9,14,3.1,17,3.7,77,29,188,106.63,84,3327,39.61,67,3,23,0,34.5,20,366,13,81,6.2,23,35,0,243,2682,11,77,13,360,1565,209,1356,3.8,67,11,200,21,10,11,0,0,0,0,0,0,0,23,23,17,20,0,0
KAN,2018,0,3,9,16,304,19,60,3,396,145,541,6,53,30,30,12,17,0,0,3,4,3,5,5,6,1,2,54,66,53,3035,57.26,65,21,1,22,454,0,23,451,19.6,8,39,0,391,229,58.57,2307,5.9,18,4.6,4,1,65,30,221,121.28,69,2986,43.28,76,7,26,1,38.9,18,121,15,74,4.9,13,21,0,218,2209,10.1,65,17,382,2259,169,2090,5.5,72,14,244,29,12,17,0,0,0,0,0,0,0,28,28,12,17,3,0
KSST,2009,1,6,6,13,131,10.1,NULL,1,190,104,294,10,92,29,32,13,21,NULL,NULL,NULL,NULL,NULL,NULL,NULL,NULL,NULL,NULL,NULL,68,0,0,0,0,0,0,0,0,0,50,1316,26.3,NULL,NULL,4,297,175,58.92,2033,6.8,7,2.4,8,2.7,NULL,NULL,NULL,118.81,38,1565,41.18,NULL,NULL,NULL,0,NULL,NULL,NULL,25,260,10.4,NULL,NULL,0,156,1869,12,NULL,6,489,2487,296,2191,4.5,NULL,22,0,0,0,0,0,0,0,0,0,0,0,0,0,0,0,0,0
KSST,2010,1,7,6,13,125,9.6,NULL,0,285,185,470,9.5,66,53,54,8,11,NULL,NULL,NULL,NULL,NULL,NULL,NULL,NULL,NULL,NULL,NULL,77,0,0,0,0,0,0,0,0,0,57,1421,24.9,NULL,NULL,2,292,189,64.73,2331,8,16,5.5,8,2.7,NULL,NULL,NULL,144.38,57,2355,41.32,NULL,NULL,NULL,0,NULL,NULL,NULL,23,189,8.2,NULL,NULL,0,178,2175,12.2,NULL,15,535,2858,260,2598,4.9,NULL,38,0,0,0,0,0,0,0,0,0,0,0,0,0,0,0,0,0
KSST,2011,1,10,3,18,273,15.2,NULL,3,342,181,523,2.5,7,48,49,17,23,NULL,NULL,NULL,NULL,NULL,NULL,NULL,NULL,NULL,NULL,NULL,99,0,0,0,0,0,0,0,0,0,50,1260,25.2,NULL,NULL,2,289,167,57.79,1970,6.8,13,4.5,6,2.1,NULL,NULL,NULL,125.74,68,2757,40.54,NULL,NULL,NULL,0,NULL,NULL,NULL,17,168,9.9,NULL,NULL,0,152,1825,12,NULL,13,590,2854,398,2456,4.2,NULL,33,0,0,0,0,0,0,0,0,0,0,0,0,0,0,0,0,0
KSST,2012,1,11,2,18,270,15,NULL,2,282,108,390,4,33,64,64,19,23,NULL,NULL,NULL,NULL,NULL,NULL,NULL,NULL,NULL,NULL,NULL,121,0,0,0,0,0,0,0,0,0,37,1082,29.2,NULL,NULL,2,314,203,64.65,2696,8.6,16,5.1,9,2.9,NULL,NULL,NULL,147.85,41,1681,41,NULL,NULL,NULL,0,NULL,NULL,NULL,19,360,18.9,NULL,NULL,1,196,2575,13.1,NULL,15,513,2746,197,2549,5,NULL,42,457,56,41,12,2,1,0,0,0,0,0,64,64,19,23,0,0
KSST,2013,1,8,5,17,401,23.6,51,3,330,106,436,4,25,52,53,14,18,0,0,6,6,4,4,4,7,0,1,44,94,0,0,0,0,0,0,0,0,0,37,866,23.4,0,94,1,313,197,62.94,2921,9.3,22,7,13,4.2,90,25,149,156.22,48,1986,41.38,67,5,17,0,36.6,10,128,16,200,12.5,15,79,0,182,2558,14.1,90,18,505,2619,288,2331,4.6,63,29,426,55,29,21,1,0,3,0,1,0,0,52,53,14,18,1,0
KSST,2014,1,9,4,15,42,2.8,21,1,298,84,382,2,19,52,54,23,28,2,2,6,8,7,7,6,9,2,2,53,121,92,5522,60.02,65,25,3,60,1078,0,35,769,22,2,86,1,415,271,65.3,3736,9,23,5.5,8,1.9,74,29,168,155.36,44,1816,41.27,59,5,15,0,38.4,7,28,24,432,18,19,58,2,258,3536,13.7,74,21,466,2109,330,1779,3.8,53,30,441,53,30,20,1,2,0,0,0,0,0,52,54,23,28,1,0
KSST,2015,0,6,7,5,2,0.4,2,0,178,43,221,6.5,43,44,44,19,21,0,0,7,7,8,9,4,5,0,0,44,101,75,4365,58.2,65,15,1,56,1011,0,50,1268,25.4,0,100,4,344,162,47.09,2288,6.7,14,4.1,13,3.8,77,35,222,108.83,67,2788,41.61,63,8,15,0,37.3,19,127,24,183,7.6,7,58,0,150,2136,14.2,77,13,525,2379,331,2048,3.9,35,29,371,45,27,13,4,0,0,0,0,1,0,44,44,19,21,0,0
KSST,2016,1,9,4,16,205,12.8,48,3,325,121,446,4.5,36,50,54,15,19,0,0,7,7,5,6,3,6,0,0,43,95,81,5027,62.06,67,35,4,42,773,0,38,991,26.1,0,99,1,309,177,57.28,2041,6.6,10,3.2,5,1.6,83,26,147,120.21,50,2136,42.72,58,5,16,0,39.3,20,73,21,227,10.8,18,75,1,166,1939,11.7,83,10,562,3331,301,3030,5.4,54,39,377,47,38,7,1,1,0,0,0,0,0,50,54,15,19,0,0
KSST,2017,1,8,5,12,130,10.8,30,2,254,43,297,5.5,33,49,49,21,26,0,0,6,6,8,9,4,5,3,6,54,112,82,5031,61.35,65,43,1,38,630,0,46,1136,24.7,0,99,2,270,156,57.78,2259,8.4,16,5.9,8,3,82,24,97,141.69,57,2487,43.63,64,6,21,0,39.8,17,97,29,395,13.6,9,62,1,134,1991,14.9,82,15,513,2859,262,2597,5.1,75,29,383,45,28,14,1,0,1,1,0,0,0,48,48,21,26,1,0
KSST,2018,0,5,7,11,63,5.7,30,0,176,42,218,6.5,49,29,31,15,20,0,0,6,6,6,7,3,3,0,4,44,74,60,3484,58.07,66,8,1,43,807,0,40,694,17.4,3,37,0,290,166,57.24,1945,6.7,11,3.8,7,2.4,72,34,235,121.27,0,0,0,0,0,0,0,0,0,0,17,210,12.4,8,85,1,161,1918,11.9,72,10,503,2546,347,2199,4.4,55,20,246,29,19,9,0,1,0,0,0,0,0,25,26,15,19,1,0
OKLA,2009,1,8,5,18,225,12.5,NULL,1,352,232,584,19.5,120,48,50,19,28,NULL,NULL,NULL,NULL,NULL,NULL,NULL,NULL,NULL,NULL,NULL,102,0,0,0,0,0,0,0,0,0,33,687,20.8,NULL,NULL,0,519,300,57.8,3760,7.2,28,5.4,15,2.9,NULL,NULL,NULL,130.68,61,2787,45.69,NULL,NULL,NULL,0,NULL,NULL,NULL,43,699,16.3,NULL,NULL,1,281,3588,12.8,NULL,28,433,2006,84,1922,4.4,NULL,18,0,0,0,0,0,0,0,0,0,0,0,0,0,0,0,0,0
OKLA,2010,1,12,2,19,223,11.7,NULL,3,380,226,606,15,118,62,63,23,29,NULL,NULL,NULL,NULL,NULL,NULL,NULL,NULL,NULL,NULL,NULL,131,0,0,0,0,0,0,0,0,0,42,935,22.3,NULL,NULL,0,633,414,65.4,4807,7.6,38,6,12,1.9,NULL,NULL,NULL,145.21,73,3212,44,NULL,NULL,NULL,0,NULL,NULL,NULL,38,323,8.5,NULL,NULL,0,405,4748,11.7,NULL,38,509,2215,79,2136,4.2,NULL,22,0,0,0,0,0,0,0,0,0,0,0,0,0,0,0,0,0
OKLA,2011,1,10,3,15,265,17.7,NULL,1,340,182,522,24,178,61,63,25,28,NULL,NULL,NULL,NULL,NULL,NULL,NULL,NULL,NULL,NULL,NULL,136,0,0,0,0,0,0,0,0,0,41,886,21.6,NULL,NULL,0,582,365,62.71,4542,7.8,29,5,16,2.7,NULL,NULL,NULL,139.21,63,2649,42.05,NULL,NULL,NULL,0,NULL,NULL,NULL,27,234,8.7,NULL,NULL,0,364,4531,12.4,NULL,29,429,2288,99,2189,5.1,NULL,28,0,0,0,0,0,0,0,0,0,0,0,0,0,0,0,0,0
OKLA,2012,1,10,3,13,124,9.5,NULL,1,220,101,321,6.5,44,57,59,17,21,NULL,NULL,NULL,NULL,NULL,NULL,NULL,NULL,NULL,NULL,NULL,108,0,0,0,0,0,0,0,0,0,35,904,25.8,NULL,NULL,1,571,376,65.85,4374,7.7,30,5.3,11,1.9,NULL,NULL,NULL,143.68,53,2340,44.15,NULL,NULL,NULL,0,NULL,NULL,NULL,27,387,14.3,NULL,NULL,2,363,4268,11.8,NULL,29,412,2342,96,2246,5.5,NULL,30,470,60,29,28,1,2,0,0,0,0,0,57,59,17,21,1,0
OKLA,2013,1,11,2,16,258,16.1,74,3,327,181,508,12,66,47,48,24,27,1,1,6,6,14,15,3,4,0,1,47,119,0,0,0,0,0,0,0,0,0,33,761,23.1,0,73,0,382,225,58.9,2588,6.8,24,6.3,11,2.9,82,16,127,130.78,65,2711,41.71,56,6,22,1,34.7,19,300,23,326,14.2,28,91,2,214,2474,11.6,82,21,549,3191,241,2950,5.4,76,19,379,43,18,21,0,2,1,1,0,0,0,47,48,24,27,1,0
OKLA,2014,1,8,5,12,191,15.9,100,3,323,182,505,10,77,60,62,13,18,0,1,2,2,9,10,3,5,0,0,44,99,86,5506,64.02,75,58,2,26,554,0,37,840,22.7,4,100,2,384,210,54.69,2646,6.9,17,4.4,17,4.4,75,9,58,118.32,66,2763,41.86,70,6,13,0,37.3,17,181,14,93,6.6,40,18,0,205,2602,12.7,75,16,554,3581,178,3403,6.1,82,40,437,56,38,15,2,0,1,0,0,0,0,60,62,13,18,1,0
OKLA,2015,1,11,2,20,317,15.9,38,2,298,156,454,14,81.5,71,73,19,24,1,1,5,5,8,12,5,6,0,0,46,128,102,6472,63.45,72,52,0,50,1073,0,33,708,21.5,1,90,0,438,292,66.67,4006,9.1,38,8.7,9,2.1,76,41,216,168.01,57,2395,42.02,58,2,23,0,41.1,11,12,22,165,7.5,36,27,0,273,3810,14,76,35,563,3244,319,2925,5.2,72,32,508,64,30,34,0,0,0,0,0,0,0,70,72,18,23,0,0
OKLA,2016,1,11,2,9,157,17.4,80,2,205,118,323,4.5,19,72,74,11,16,0,0,4,5,6,7,0,3,0,1,39,105,100,6322,63.22,65,49,0,51,1110,0,36,815,22.6,0,97,1,383,271,70.76,4134,10.8,43,11.2,8,2.1,88,21,134,194.3,48,1975,41.15,53,1,22,0,39.3,9,67,12,122,10.2,38,71,1,255,3902,15.3,88,43,562,3346,248,3098,5.5,79,30,559,75,28,43,1,1,2,0,0,0,0,72,74,11,16,2,0
OKLA,2017,1,12,2,8,145,18.1,77,1,225,108,333,3.5,19,81,81,17,21,1,1,5,6,7,8,3,5,1,1,51,132,112,6845,61.12,73,85,3,21,485,0,39,751,19.3,0,70,0,433,309,71.36,5065,11.7,47,10.9,6,1.4,87,26,181,202.67,43,1820,42.33,57,3,11,0,37.9,8,131,17,95,5.6,29,21,0,292,4811,16.5,87,42,527,3363,259,3104,5.9,99,32,584,75,30,45,0,0,0,0,0,0,0,81,81,17,21,1,0
OKLA,2018,1,12,2,6,60,10,32,0,210,195,405,8.5,53,88,89,17,19,0,0,9,9,7,8,1,1,0,1,42,139,116,7410,63.88,80,94,1,18,453,1,37,841,22.7,9,86,0,400,274,68.5,4520,11.3,43,10.8,7,1.8,86,20,121,195.4,0,0,0,0,0,0,0,0,0,0,19,276,14.5,17,66,2,260,4332,16.7,86,43,506,3697,201,3496,6.9,86,42,654,86,42,41,0,0,0,1,0,2,0,87,88,17,19,0,0
OKST,2009,1,9,4,18,136,7.6,NULL,2,255,69,324,4.5,26,46,46,13,18,NULL,NULL,NULL,NULL,NULL,NULL,NULL,NULL,NULL,NULL,NULL,85,0,0,0,0,0,0,0,0,0,55,1037,18.9,NULL,NULL,0,335,196,58.51,2333,7,20,6,14,4.2,NULL,NULL,NULL,128.35,67,3023,45.12,NULL,NULL,NULL,0,NULL,NULL,NULL,27,355,13.1,NULL,NULL,2,187,2232,11.9,NULL,19,540,2623,157,2466,4.6,NULL,22,0,0,0,0,0,0,0,0,0,0,0,0,0,0,0,0,0
OKST,2010,1,11,2,19,324,17.1,NULL,3,324,72,396,6,46,68,70,27,31,NULL,NULL,NULL,NULL,NULL,NULL,NULL,NULL,NULL,NULL,NULL,149,0,0,0,0,0,0,0,0,0,55,1261,22.9,NULL,NULL,2,532,357,67.11,4496,8.5,36,6.8,14,2.6,NULL,NULL,NULL,155.16,46,2127,46.24,NULL,NULL,NULL,0,NULL,NULL,NULL,28,273,9.8,NULL,NULL,3,343,4381,12.8,NULL,34,417,2464,77,2387,5.7,NULL,26,0,0,0,0,0,0,0,0,0,0,0,0,0,0,0,0,0
OKST,2011,1,12,1,24,280,11.7,NULL,1,445,146,591,21,143,79,80,22,25,NULL,NULL,NULL,NULL,NULL,NULL,NULL,NULL,NULL,NULL,NULL,145,0,0,0,0,0,0,0,0,0,52,1157,22.3,NULL,NULL,2,595,428,71.93,5034,8.5,40,6.7,13,2.2,NULL,NULL,NULL,160.82,47,2175,46.28,NULL,NULL,NULL,0,NULL,NULL,NULL,23,79,3.4,NULL,NULL,0,416,4859,11.7,NULL,40,360,2312,63,2249,6.2,NULL,35,0,0,0,0,0,0,0,0,0,0,0,0,0,0,0,0,0
OKST,2012,1,8,5,11,146,13.3,NULL,0,247,70,317,9.5,60,72,72,28,34,NULL,NULL,NULL,NULL,NULL,NULL,NULL,NULL,NULL,NULL,NULL,156,0,0,0,0,0,0,0,0,0,46,1148,25,NULL,NULL,2,495,312,63.03,4312,8.7,34,6.9,16,3.2,NULL,NULL,NULL,152.41,44,2036,46.27,NULL,NULL,NULL,0,NULL,NULL,NULL,36,412,11.4,NULL,NULL,1,296,4099,13.8,NULL,31,506,2993,158,2835,5.6,NULL,35,546,65,34,30,1,0,0,0,0,0,0,72,72,28,34,0,0
OKST,2013,1,10,3,21,337,16,72,2,360,145,505,11.5,77.5,67,68,11,18,0,0,5,6,4,7,2,5,0,0,41,100,0,0,0,0,0,0,0,0,0,38,871,22.9,0,100,1,484,280,57.85,3603,7.4,26,5.4,13,2.7,73,13,77,132.74,79,3132,39.65,62,7,24,1,34.9,19,199,30,403,13.4,26,95,2,268,3430,12.8,73,25,489,2477,204,2273,4.6,67,35,478,63,34,24,1,2,2,0,0,0,0,67,68,11,18,0,0
OKST,2014,1,7,6,12,155,12.9,50,2,276,128,404,13.5,82,41,41,22,28,1,1,7,8,9,11,5,7,0,1,47,107,70,4147,59.24,69,14,0,56,1178,2,50,1024,20.5,0,99,2,400,222,55.5,3149,7.9,19,4.8,17,4.3,87,39,234,128.8,81,3384,41.78,71,5,25,0,39.6,25,79,30,293,9.8,18,92,1,200,2837,14.2,87,17,421,1962,112,1850,4.4,51,16,322,36,16,17,2,1,0,0,0,0,0,40,40,22,28,0,0
OKST,2015,1,10,3,17,256,15.1,59,2,433,187,620,14,70,62,65,16,21,0,0,7,10,5,5,4,6,0,0,43,110,94,5651,60.12,65,22,2,70,1611,1,42,868,20.7,0,53,0,516,325,62.98,4591,8.9,35,6.8,10,1.9,82,32,191,156.23,75,3010,40.13,65,3,31,0,38.1,20,94,23,160,7,29,67,2,315,4484,14.2,82,35,382,1821,120,1701,4.5,64,24,463,59,24,34,0,1,0,0,0,0,0,61,64,16,20,0,0
OKST,2016,1,10,3,14,150,10.7,59,0,332,159,491,7,46,60,62,20,26,1,1,11,12,6,8,1,4,1,1,53,120,96,6020,62.71,65,41,2,53,963,0,27,557,20.6,0,56,0,466,295,63.3,4208,9,29,6.2,4,0.9,91,32,201,157.98,56,2395,42.77,65,1,35,2,40.7,16,15,13,149,11.5,34,57,0,282,4055,14.4,91,29,478,2550,289,2261,4.7,67,32,449,55,28,27,0,0,0,0,0,0,0,60,61,19,25,1,0
OKST,2017,1,10,3,17,244,14.4,58,2,341,140,481,8,71,70,70,23,29,1,2,7,9,9,10,5,7,1,1,53,139,109,6508,59.71,65,37,4,66,1278,1,29,533,18.4,0,31,0,503,325,64.61,5059,10.1,37,7.4,10,2,86,23,124,169.39,39,1682,43.13,57,5,9,1,37.3,13,89,17,83,4.9,26,20,0,311,4841,15.6,86,37,495,2645,246,2399,4.8,79,34,573,72,33,37,0,0,2,0,0,0,0,70,70,23,29,1,0
OKST,2018,1,7,6,5,39,7.8,24,1,160,43,203,3.5,24,61,63,16,22,1,1,8,8,4,6,3,7,0,0,48,109,94,5720,60.85,80,53,7,26,494,0,29,568,19.6,6,42,0,493,293,59.43,4028,8.2,33,6.7,13,2.6,64,34,231,144.88,0,0,0,0,0,0,0,0,0,0,19,123,6.5,19,19,1,283,3965,14,64,31,505,2873,345,2528,5,92,30,469,60,29,31,0,0,0,0,0,0,0,61,63,16,22,0,0
TCU,2009,1,12,1,14,140,10,NULL,3,264,163,427,5,23,61,63,15,18,NULL,NULL,NULL,NULL,NULL,NULL,NULL,NULL,NULL,NULL,NULL,106,NULL,NULL,NULL,NULL,NULL,NULL,NULL,NULL,NULL,33,965,29.2,NULL,NULL,1,326,202,62,"2,823",8.7,24,7.4,8,2.5,NULL,NULL,NULL,154.09,59,"2,213",37.5,NULL,NULL,NULL,0,NULL,NULL,NULL,47,619,13.2,NULL,NULL,2,200,2812,14.1,NULL,22,586,3267,161,3106,5.3,NULL,34,NULL,NULL,NULL,NULL,NULL,NULL,NULL,NULL,NULL,NULL,NULL,NULL,NULL,NULL,NULL,NULL,NULL
TCU,2010,1,13,0,12,164,13.7,NULL,3,304,179,483,10.5,59,68,73,11,13,NULL,NULL,NULL,NULL,NULL,NULL,NULL,NULL,NULL,NULL,NULL,101,NULL,NULL,NULL,NULL,NULL,NULL,NULL,NULL,NULL,31,803,25.9,NULL,NULL,0,331,218,65.9,"2,983",9,29,8.8,6,1.8,NULL,NULL,NULL,166.85,42,"1,748",41.6,NULL,NULL,NULL,0,NULL,NULL,NULL,36,533,14.8,NULL,NULL,0,213,2900,13.6,NULL,29,585,"3,413",155,3258,5.6,NULL,41,NULL,NULL,NULL,NULL,NULL,NULL,NULL,NULL,NULL,NULL,NULL,NULL,NULL,NULL,NULL,NULL,NULL
TCU,2011,1,11,2,10,202,20.2,NULL,3,279,159,438,4.5,16,61,64,14,17,NULL,NULL,NULL,NULL,NULL,NULL,NULL,NULL,NULL,NULL,NULL,103,NULL,NULL,NULL,NULL,NULL,NULL,NULL,NULL,NULL,48,1355,28.2,NULL,NULL,3,349,231,66.2,"3,011",8.6,25,7.2,7,2,NULL,NULL,NULL,158.29,47,"1,890",40.2,NULL,NULL,NULL,0,NULL,NULL,NULL,32,364,11.4,NULL,NULL,0,228,2972,13,NULL,25,522,2944,205,2739,5.2,NULL,38,NULL,NULL,NULL,NULL,NULL,NULL,NULL,NULL,NULL,NULL,NULL,NULL,NULL,NULL,NULL,NULL,NULL
TCU,2012,1,7,6,20,278,13.9,NULL,2,314,167,481,14.5,105,42,42,22,30,NULL,NULL,NULL,NULL,NULL,NULL,NULL,NULL,NULL,NULL,NULL,108,0,0,0,0,0,0,0,0,0,35,807,23.1,NULL,NULL,0,398,236,59.3,3079,7.7,26,6.5,12,3,NULL,NULL,NULL,139.81,63,2804,44.51,NULL,NULL,NULL,0,NULL,NULL,NULL,25,327,13.1,NULL,NULL,1,223,2910,13,NULL,24,495,2387,320,2067,4.2,NULL,13,320,35,12,21,0,0,2,0,0,0,0,42,42,22,30,1,0
TCU,2013,0,4,8,19,195,10.3,66,1,320,182,502,10,81,37,37,14,18,0,0,5,5,5,5,3,4,1,4,56,79,0,0,0,0,0,0,0,0,0,39,1025,26.3,0,100,2,417,240,57.55,2715,6.5,14,3.4,17,4.1,75,23,165,115.17,80,3225,40.31,57,4,29,0,37.1,16,173,25,298,11.9,21,51,0,226,2616,11.6,75,13,394,1732,263,1469,3.7,47,19,259,30,17,11,2,0,0,0,0,0,0,37,37,14,18,0,0
TCU,2014,1,12,1,26,378,14.5,49,5,420,222,642,19,128,76,77,22,27,0,0,10,11,6,7,6,9,0,0,47,142,109,6716,61.61,65,47,2,57,1151,0,34,735,21.6,2,94,1,529,325,61.44,4240,8,37,7,11,2.1,92,23,120,147.69,64,2507,39.17,67,5,29,0,37.8,8,-9,35,360,10.3,34,69,1,315,4094,13,92,34,500,2987,245,2742,5.5,65,32,538,66,31,33,1,0,0,1,0,0,0,76,77,22,27,0,0
TCU,2015,1,11,2,7,133,19,60,2,248,158,406,6.5,42,60,61,21,25,0,0,7,9,4,5,7,8,3,3,57,123,94,5868,62.43,65,56,1,35,715,0,35,857,24.5,0,60,0,515,325,63.11,4516,8.8,39,7.6,15,2.9,86,17,81,155.93,66,2571,38.95,55,4,29,0,37.2,13,33,19,192,10.1,34,49,1,313,4385,14,86,37,556,2990,180,2810,5.1,86,26,486,60,25,34,0,1,0,0,0,0,0,59,60,21,25,2,0
TCU,2016,0,6,7,8,80,10,35,1,246,163,409,12,87,47,49,18,25,0,0,6,7,9,13,3,5,0,0,46,101,77,4701,61.05,65,27,1,46,874,0,43,1025,23.8,2,64,0,498,295,59.24,3486,7,18,3.6,14,2.8,75,29,188,124.34,72,2851,39.6,56,2,26,0,37.8,22,87,23,227,9.9,24,81,1,281,3321,11.8,75,17,484,2832,288,2544,5.3,70,30,359,43,28,15,0,0,0,0,0,0,0,47,49,18,25,0,0
TCU,2017,1,11,3,13,199,15.3,93,2,389,250,639,39.5,266,56,60,14,16,2,2,5,5,6,7,1,2,0,0,43,98,90,5568,61.87,66,34,4,48,910,0,27,687,25.4,2,94,1,430,285,66.28,3431,8,28,6.5,8,1.9,93,17,118,151.07,62,2439,39.34,61,4,30,0,37,8,66,21,347,16.5,29,90,2,269,3137,11.7,93,21,508,2793,290,2503,4.9,42,27,409,52,27,22,1,2,0,0,0,0,0,55,59,14,15,0,0
TCU,2018,1,7,6,12,195,16.3,72,0,324,134,458,18.5,113,37,38,13,21,0,0,7,7,3,6,3,8,0,0,46,76,65,3630,55.85,65,20,3,31,588,0,34,712,20.9,8,99,1,409,239,58.44,2749,6.7,18,4.4,15,3.7,67,16,109,122.08,41,1619,39.49,56,4,19,0,37.1,7,18,19,352,18.5,31,78,2,220,2428,11,67,16,472,2377,240,2137,4.5,93,13,286,35,13,18,1,2,0,1,0,0,0,37,38,13,21,0,0
TEX,2009,1,13,1,25,349,14,NULL,4,364,146,510,21.5,184,66,67,24,27,NULL,NULL,NULL,NULL,NULL,NULL,NULL,NULL,NULL,NULL,NULL,138,0,0,0,0,0,0,0,0,0,43,1119,26,NULL,NULL,3,536,362,67.54,3831,7.1,29,5.4,16,3,NULL,NULL,NULL,139.46,43,1728,40.19,NULL,NULL,NULL,0,NULL,NULL,NULL,29,395,13.6,NULL,NULL,3,347,3732,10.8,NULL,29,505,2406,337,2069,4.1,NULL,28,0,0,0,0,0,0,0,0,0,0,0,0,0,0,0,0,0
TEX,2010,0,5,7,8,151,18.9,NULL,1,274,162,436,13.5,116,28,28,23,27,NULL,NULL,NULL,NULL,NULL,NULL,NULL,NULL,NULL,NULL,NULL,97,0,0,0,0,0,0,0,0,0,39,720,18.5,NULL,NULL,0,444,262,59.01,2784,6.3,10,2.3,17,3.8,NULL,NULL,NULL,111.45,35,1442,41.2,NULL,NULL,NULL,0,NULL,NULL,NULL,26,302,11.6,NULL,NULL,0,255,2716,10.7,NULL,9,422,2024,183,1841,4.4,NULL,19,0,0,0,0,0,0,0,0,0,0,0,0,0,0,0,0,0
TEX,2011,1,8,5,12,125,10.4,NULL,1,253,147,400,7,45,44,44,17,21,NULL,NULL,NULL,NULL,NULL,NULL,NULL,NULL,NULL,NULL,NULL,95,0,0,0,0,0,0,0,0,0,53,1276,24.1,NULL,NULL,2,355,207,58.31,2469,7,16,4.5,15,4.2,NULL,NULL,NULL,123.15,64,2471,38.61,NULL,NULL,NULL,0,NULL,NULL,NULL,19,269,14.2,NULL,NULL,1,179,2226,12.4,NULL,13,556,2974,297,2677,4.8,NULL,24,0,0,0,0,0,0,0,0,0,0,0,0,0,0,0,0,0
TEX,2012,1,9,4,15,107,7.1,NULL,2,258,151,409,5,24,57,60,11,19,NULL,NULL,NULL,NULL,NULL,NULL,NULL,NULL,NULL,NULL,NULL,90,0,0,0,0,0,0,0,0,0,43,996,23.2,NULL,NULL,1,399,268,67.17,3421,8.6,25,6.3,11,2.8,NULL,NULL,NULL,154.35,43,1948,45.3,NULL,NULL,NULL,0,NULL,NULL,NULL,10,129,12.9,NULL,NULL,0,255,3244,12.7,NULL,23,463,2519,170,2349,5.1,NULL,33,411,54,32,21,1,0,0,0,0,0,0,54,57,11,19,0,0
TEX,2013,1,8,5,10,78,7.8,31,1,210,154,364,19.5,114,45,46,20,22,0,0,7,7,7,7,5,7,1,1,50,105,0,0,0,0,0,0,0,0,0,41,862,21,1,51,0,430,246,57.21,2762,6.4,18,4.2,15,3.5,74,16,94,118,75,3053,40.71,68,3,32,0,38.5,13,106,31,355,11.5,23,85,1,234,2577,11,74,15,571,2768,212,2556,4.5,55,25,351,41,23,15,0,1,1,1,0,0,0,45,46,20,22,0,0
TEX,2014,0,6,7,15,183,12.2,74,2,273,175,448,10.5,64,30,32,14,21,0,0,3,4,4,6,6,9,1,2,51,72,61,3892,63.8,65,44,2,15,451,1,39,763,19.6,1,33,0,418,243,58.13,2599,6.2,14,3.3,11,2.6,73,28,221,116.15,66,2795,42.35,62,3,22,0,38.1,26,220,22,177,8,40,41,0,236,2519,10.7,73,14,460,2165,356,1809,3.9,42,17,246,29,18,11,0,0,0,0,0,0,0,30,32,14,21,0,0
TEX,2015,0,5,7,13,239,18.4,41,1,262,92,354,5,32,38,39,13,17,0,0,5,5,4,5,3,4,1,3,53,77,63,3973,63.06,72,47,3,12,316,0,47,929,19.8,3,54,0,252,139,55.16,1751,6.9,9,3.6,6,2.4,84,33,212,120.55,77,3195,41.49,63,6,19,0,39.3,13,50,23,279,12.1,11,85,1,109,1458,13.4,84,8,519,3058,320,2738,5.3,93,27,287,35,27,7,0,1,0,0,0,0,0,38,39,13,17,0,0
TEX,2016,0,5,7,10,101,10.1,38,0,217,55,272,6,51,40,44,17,24,1,1,10,10,5,9,1,3,0,1,43,91,73,4557,62.42,69,27,2,44,930,0,42,773,18.4,0,33,0,400,241,60.25,3024,7.6,21,5.3,12,3,80,29,158,135.08,65,3079,47.37,74,9,28,0,43.2,19,93,28,182,6.5,24,22,0,231,2906,12.6,80,19,585,3172,229,2943,5,74,27,367,47,27,20,0,0,0,0,0,0,0,40,44,15,22,0,0
TEX,2017,1,7,6,16,328,20.5,45,5,208,65,273,4,35,48,48,11,19,2,2,2,4,4,4,3,9,0,0,49,81,69,4321,62.62,65,34,0,35,877,0,26,612,23.5,3,41,0,496,298,60.08,3365,6.8,18,3.6,11,2.2,90,33,220,124.61,84,3984,47.43,76,8,42,0,44.2,17,112,20,179,9,42,91,1,289,3264,11.3,90,17,501,2177,335,1842,3.7,41,24,335,44,24,15,0,0,4,0,1,0,0,38,38,11,18,0,0
TEX,2018,1,10,4,12,149,12.4,65,0,302,111,413,7,48.5,51,52,18,25,0,0,4,5,6,7,11,12,1,2,52,105,84,5253,62.54,71,52,4,27,601,0,22,427,19.4,8,29,0,476,310,65.13,3615,7.6,28,5.9,6,1.3,48,27,215,145.81,63,2537,40.27,56,1,18,0,37.8,16,138,15,183,12.2,23,90,1,297,3520,11.9,48,28,555,2472,290,2182,3.9,39,24,407,50,23,27,0,0,0,0,0,0,0,51,52,18,25,1,0
TTU,2009,1,9,4,10,49,4.9,NULL,0,231,57,288,3.5,16,60,61,11,14,NULL,NULL,NULL,NULL,NULL,NULL,NULL,NULL,NULL,NULL,NULL,93,0,0,0,0,0,0,0,0,0,47,1148,24.4,NULL,NULL,0,667,448,67.17,5028,7.5,38,5.7,17,2.5,NULL,NULL,NULL,144.19,43,1756,40.84,NULL,NULL,NULL,0,NULL,NULL,NULL,25,245,9.8,NULL,NULL,0,440,4960,11.3,NULL,37,254,1403,38,1365,5.4,NULL,20,0,0,0,0,0,0,0,0,0,0,0,0,0,0,0,0,0
TTU,2010,1,8,5,15,250,16.7,NULL,1,320,103,423,5,42,56,56,10,15,NULL,NULL,NULL,NULL,NULL,NULL,NULL,NULL,NULL,NULL,NULL,86,0,0,0,0,0,0,0,0,0,59,1319,22.4,NULL,NULL,0,617,406,65.8,4146,6.7,39,6.3,11,1.8,NULL,NULL,NULL,139.54,57,2240,39.3,NULL,NULL,NULL,0,NULL,NULL,NULL,19,119,6.3,NULL,NULL,0,389,3986,10.2,NULL,38,390,1973,93,1880,4.8,NULL,15,0,0,0,0,0,0,0,0,0,0,0,0,0,0,0,0,0
TTU,2011,0,5,7,5,76,15.2,NULL,0,136,44,180,1,5,50,50,14,18,NULL,NULL,NULL,NULL,NULL,NULL,NULL,NULL,NULL,NULL,NULL,92,0,0,0,0,0,0,0,0,0,59,1299,22,NULL,NULL,0,600,409,68.17,4145,6.9,31,5.2,10,1.7,NULL,NULL,NULL,139.91,57,2376,41.68,NULL,NULL,NULL,0,NULL,NULL,NULL,15,91,6.1,NULL,NULL,0,392,3991,10.2,NULL,31,387,1736,222,1514,3.9,NULL,20,0,0,0,0,0,0,0,0,0,0,0,0,0,0,0,0,0
TTU,2012,1,8,5,8,200,25,NULL,1,182,46,228,1,8,59,59,18,25,NULL,NULL,NULL,NULL,NULL,NULL,NULL,NULL,NULL,NULL,NULL,113,0,0,0,0,0,0,0,0,0,35,812,23.2,NULL,NULL,2,593,418,70.49,4627,7.8,44,7.4,16,2.7,NULL,NULL,NULL,155.12,40,1667,41.68,NULL,NULL,NULL,0,NULL,NULL,NULL,17,176,10.4,NULL,NULL,0,411,4567,11.1,NULL,44,391,2089,228,1861,4.8,NULL,15,466,59,15,42,2,0,0,0,0,0,0,59,59,17,24,1,0
TTU,2013,1,8,5,8,178,22.3,63,1,155,55,210,4,29,52,55,23,27,0,0,13,13,9,11,1,3,0,0,43,121,0,0,0,0,0,0,0,0,0,37,885,23.9,0,90,1,714,453,63.45,5107,7.2,35,4.9,18,2.5,60,33,222,134.66,52,2237,43.02,57,6,9,1,34.2,29,307,31,212,6.8,21,35,0,442,5027,11.4,60,34,404,1927,321,1606,4,51,19,421,50,17,32,1,0,0,0,0,0,0,52,55,23,27,0,0
TTU,2014,0,4,8,6,42,7,37,0,283,115,398,3,22,42,44,10,14,0,0,6,7,3,4,1,2,0,1,40,72,69,4192,60.75,80,31,1,35,734,0,45,840,18.7,4,54,0,558,332,59.5,4213,7.6,40,7.2,18,3.2,82,13,89,140.12,54,2303,42.65,61,5,17,0,39.9,14,50,18,65,3.6,11,18,0,329,4220,12.8,82,40,346,2020,169,1851,5.3,75,8,342,45,7,38,0,0,0,0,0,0,0,42,44,10,14,0,0
TTU,2015,1,7,6,15,168,11.2,47,2,405,235,640,5.5,28,72,73,16,19,0,0,6,7,7,7,2,3,1,2,51,120,106,6654,62.77,70,58,4,42,1055,1,55,1129,20.5,4,100,2,620,390,62.9,5051,8.1,39,6.3,15,2.4,90,27,157,147.26,33,1518,46,68,4,11,0,38.1,19,182,14,88,6.3,15,14,0,382,4976,13,90,39,454,2757,218,2539,5.6,80,34,536,69,31,36,2,0,0,0,0,0,0,72,73,16,19,1,0
TTU,2016,0,5,7,5,15,3,15,0,178,54,232,2,11,65,70,13,14,0,0,3,3,6,6,4,5,0,0,43,104,91,5730,62.97,71,48,3,41,927,1,28,489,17.5,2,46,0,652,428,65.64,5539,8.5,47,7.2,11,1.7,81,30,273,157.42,42,1599,38.07,59,2,10,0,35.1,10,84,18,171,9.5,15,33,0,408,5236,12.8,80,45,374,1624,336,1288,3.4,32,22,476,62,20,42,0,0,0,0,0,0,0,65,70,13,14,0,0
TTU,2017,0,6,7,14,284,20.3,95,2,340,172,512,9.5,72,56,59,12,23,0,0,5,7,6,11,1,5,0,0,47,92,82,5208,63.51,73,42,7,32,831,0,31,713,23,0,92,1,541,353,65.25,4338,8,35,6.5,12,2.2,77,29,238,149.52,60,2484,41.4,72,2,15,2,38.3,12,67,18,102,5.7,10,17,0,340,4224,12.4,77,34,373,1977,61,1916,5.1,84,16,387,50,17,32,1,0,0,0,0,0,0,54,56,11,21,0,0
TTU,2018,0,5,7,12,181,15.1,75,1,228,132,360,4,32,55,55,17,19,0,0,6,6,4,6,7,7,0,0,48,106,87,5144,59.13,77,48,6,21,445,1,35,830,23.7,0,62,0,535,361,67.48,4231,7.9,28,5.2,15,2.8,66,25,176,145.57,52,2187,42.06,56,4,21,1,39.1,6,37,14,141,10.1,28,49,1,345,4078,11.8,66,27,384,1835,166,1669,4.3,38,25,400,49,24,24,0,0,0,1,0,0,0,55,55,17,19,0,0
WVU,2009,1,9,4,5,9,1.8,NULL,0,37,28,65,0,0,41,42,13,15,NULL,NULL,NULL,NULL,NULL,NULL,NULL,NULL,NULL,NULL,NULL,80,NULL,NULL,NULL,NULL,NULL,NULL,NULL,NULL,NULL,27,619,22.9,NULL,NULL,0,296,187,63.2,"2,144",7.2,11,3.7,9,3,NULL,NULL,NULL,130.2,64,"2,844",44.4,NULL,NULL,NULL,0,NULL,NULL,NULL,25,259,10.4,NULL,NULL,0,72,688,9.6,NULL,3,241,"1,549",84,1465,6.1,NULL,13,NULL,NULL,NULL,NULL,NULL,NULL,NULL,NULL,NULL,NULL,NULL,NULL,NULL,NULL,NULL,NULL,NULL
WVU,2010,1,9,4,6,51,8.5,NULL,0,38,19,57,0,0,41,41,10,17,NULL,NULL,NULL,NULL,NULL,NULL,NULL,NULL,NULL,NULL,NULL,71,NULL,NULL,NULL,NULL,NULL,NULL,NULL,NULL,NULL,NULL,NULL,NULL,NULL,NULL,NULL,372,241,64.8,"2,763",7.4,24,6.5,7,1.9,NULL,NULL,NULL,144.7,67,"2,802",41.8,NULL,NULL,NULL,0,NULL,NULL,NULL,20,179,9,NULL,NULL,0,127,1515,11.9,NULL,12,209,"1,013",77,936,4.5,NULL,6,NULL,NULL,NULL,NULL,NULL,NULL,NULL,NULL,NULL,NULL,NULL,NULL,NULL,NULL,NULL,NULL,NULL
WVU,2011,1,10,3,4,63,15.8,NULL,0,50,14,64,0,0,61,63,16,22,NULL,NULL,NULL,NULL,NULL,NULL,NULL,NULL,NULL,NULL,NULL,109,NULL,NULL,NULL,NULL,NULL,NULL,NULL,NULL,NULL,36,938,26.1,NULL,NULL,2,526,346,65.8,"4,385",8.3,31,5.9,7,1.3,NULL,NULL,NULL,152.59,NULL,NULL,NULL,NULL,NULL,NULL,NULL,NULL,NULL,NULL,19,268,14.1,NULL,NULL,0,173,2465,14.2,NULL,20,136,777,35,742,5.5,NULL,6,NULL,NULL,NULL,NULL,NULL,NULL,NULL,NULL,NULL,NULL,NULL,NULL,NULL,NULL,NULL,NULL,NULL
WVU,2012,1,7,6,10,123,12.3,NULL,0,353,184,537,11.5,78,64,66,11,19,NULL,NULL,NULL,NULL,NULL,NULL,NULL,NULL,NULL,NULL,NULL,97,0,0,0,0,0,0,0,0,0,56,1118,20,NULL,NULL,1,536,378,70.52,4292,8,44,8.2,7,1.3,NULL,NULL,NULL,162.26,0,0,0,0,0,0,0,0,0,0,15,165,11,NULL,NULL,1,370,4243,11.5,NULL,42,446,2555,272,2283,5.1,NULL,21,483,64,21,41,1,1,0,0,0,0,0,64,66,11,19,1,0
WVU,2013,0,4,8,12,183,15.3,58,2,321,123,444,3,21,35,36,17,23,0,0,6,6,5,6,5,6,1,5,50,86,0,0,0,0,0,0,0,0,0,53,984,18.6,0,43,0,464,252,54.31,3148,6.8,16,3.4,16,3.4,76,28,170,115.78,73,3218,44.08,68,5,22,0,40.7,29,147,18,76,4.2,23,22,0,250,3137,12.5,76,16,365,2028,107,1921,5.3,76,17,278,32,16,14,0,0,0,2,0,0,0,35,36,17,23,0,0
WVU,2014,1,7,6,12,106,8.8,52,2,304,115,419,3,32,47,47,30,39,1,1,7,7,6,7,12,19,4,5,55,137,84,5158,61.4,68,31,2,49,1094,1,46,1101,23.9,1,100,2,533,340,63.79,4121,7.7,26,4.9,10,1.9,79,31,228,141.08,57,2383,41.81,59,2,24,0,37,17,232,25,82,3.3,23,30,0,324,3982,12.3,79,25,517,2630,119,2511,4.9,62,17,399,44,16,25,2,0,1,0,0,0,0,45,45,30,39,0,0
WVU,2015,1,8,5,23,80,3.5,32,1,352,94,446,6.5,44,53,54,21,28,2,2,9,9,6,8,3,6,1,3,51,116,84,5179,61.65,71,21,3,59,1405,1,32,820,25.6,0,100,1,428,232,54.21,3269,7.6,26,6.1,15,3.5,70,31,207,131.4,71,3223,45.39,65,15,25,1,39.4,19,89,24,133,5.5,12,21,0,215,3132,14.6,70,22,614,3308,325,2983,4.9,52,25,416,50,23,25,1,0,0,1,0,0,0,53,54,21,28,0,0
WVU,2016,1,10,3,14,134,9.6,54,1,308,125,433,7,57,51,51,16,24,1,1,5,6,8,12,1,4,1,1,50,99,80,4650,58.13,65,25,4,50,1125,1,32,677,21.2,0,51,0,409,249,60.88,3343,8.2,26,6.4,11,2.7,71,25,195,145.14,59,2462,41.73,63,5,17,0,38.2,18,108,21,39,1.9,14,18,0,240,3251,13.5,71,25,563,3277,286,2991,5.3,63,24,378,47,23,24,0,0,0,0,0,0,0,51,51,15,22,0,0
WVU,2017,1,7,6,11,259,23.5,94,3,365,112,477,9,70,56,56,11,15,0,0,7,8,3,4,1,3,0,0,43,89,78,4580,58.72,65,27,4,45,884,0,40,973,24.3,0,80,0,480,294,61.25,4021,8.4,37,7.7,14,2.9,76,19,125,151.22,70,2863,40.9,58,4,22,1,36.1,20,223,22,106,4.8,23,23,0,277,3883,14,76,37,447,2196,167,2029,4.5,42,18,411,53,18,35,0,0,0,0,0,0,0,56,56,11,15,2,0
WVU,2018,1,8,4,15,189,12.6,51,1,268,114,382,8,59,59,60,16,20,0,0,3,3,4,4,9,11,0,2,49,107,88,4945,56.19,65,25,3,44,850,0,21,372,17.7,8,37,0,445,291,65.39,4216,9.5,38,8.5,10,2.2,82,29,204,168.66,41,1680,40.98,54,3,13,2,36.1,9,69,11,62,5.6,33,25,0,282,4087,14.5,82,37,365,2153,84,2069,5.7,79,19,433,54,21,33,0,0,0,0,0,0,0,59,60,16,20,1,0
